date,support
10/23/13,9.134920635
10/24/13,9.117687075
10/25/13,9.100453515
10/26/13,9.083219955
10/27/13,9.065986395
10/28/13,9.069160998
10/29/13,9.072335601
10/30/13,9.075510204
10/31/13,9.070748299
11/1/13,9.065986395
11/2/13,9.06122449
11/3/13,9.056462585
11/4/13,9.05170068
11/5/13,9.046938776
11/6/13,9.042176871
11/7/13,9.045918367
11/8/13,9.049659864
11/9/13,9.067006803
11/10/13,9.084353741
11/11/13,9.10170068
11/12/13,9.119047619
11/13/13,9.166156463
11/14/13,9.192857143
11/15/13,9.219557823
11/16/13,9.246258503
11/17/13,9.272959184
11/18/13,9.299659864
11/19/13,9.326360544
11/20/13,9.353061224
11/21/13,9.35170068
11/22/13,9.350340136
11/23/13,9.348979592
11/24/13,9.347619048
11/25/13,9.346258503
11/26/13,9.344897959
11/27/13,9.343537415
11/28/13,9.358998145
11/29/13,9.374458874
11/30/13,9.383116883
12/1/13,9.391774892
12/2/13,9.4004329
12/3/13,9.409090909
12/4/13,9.405844156
12/5/13,9.402597403
12/6/13,9.38982684
12/7/13,9.377056277
12/8/13,9.364285714
12/9/13,9.351515152
12/10/13,9.329816017
12/11/13,9.308116883
12/12/13,9.286417749
12/13/13,9.264718615
12/14/13,9.243019481
12/15/13,9.221320346
12/16/13,9.199621212
12/17/13,9.177922078
12/18/13,9.172294372
12/19/13,9.166666667
12/20/13,9.162543554
12/21/13,9.167944251
12/22/13,9.173344948
12/23/13,9.178745645
12/24/13,9.184146341
12/25/13,9.189547038
12/26/13,9.194947735
12/27/13,9.200348432
12/28/13,9.205749129
12/29/13,9.211149826
12/30/13,9.216550523
12/31/13,9.22195122
1/1/14,9.227351916
1/2/14,9.232752613
1/3/14,9.23815331
1/4/14,9.243554007
1/5/14,9.248954704
1/6/14,9.254355401
1/7/14,9.242409159
1/8/14,9.230462917
1/9/14,9.218516675
1/10/14,9.206570433
1/11/14,9.194624191
1/12/14,9.182677949
1/13/14,9.191139871
1/14/14,9.201869366
1/15/14,9.212598861
1/16/14,9.223328356
1/17/14,9.234057851
1/18/14,9.234583264
1/19/14,9.235108678
1/20/14,9.194817765
1/21/14,9.154526851
1/22/14,9.114235938
1/23/14,9.047187656
1/24/14,8.980139373
1/25/14,8.91309109
1/26/14,8.846042807
1/27/14,8.819810851
1/28/14,8.818068691
1/29/14,8.816326531
1/30/14,8.839981447
1/31/14,8.863636364
2/1/14,8.928107607
2/2/14,8.99257885
2/3/14,9.016233766
2/4/14,9.038613173
2/5/14,9.060992579
2/6/14,9.103780148
2/7/14,9.122758194
2/8/14,9.14173624
2/9/14,9.160714286
2/10/14,9.220508658
2/11/14,9.28030303
2/12/14,9.343073593
2/13/14,9.385435993
2/14/14,9.427798392
2/15/14,9.470160792
2/16/14,9.512523191
2/17/14,9.534477427
2/18/14,9.526669759
2/19/14,9.51886209
2/20/14,9.511054422
2/21/14,9.5
2/22/14,9.482142857
2/23/14,9.464285714
2/24/14,9.446428571
2/25/14,9.428571429
2/26/14,9.445578231
2/27/14,9.482993197
2/28/14,9.520408163
3/1/14,9.557823129
3/2/14,9.595238095
3/3/14,9.632653061
3/4/14,9.670068027
3/5/14,9.676870748
3/6/14,9.642857143
3/7/14,9.602350031
3/8/14,9.561842919
3/9/14,9.521335807
3/10/14,9.480828695
3/11/14,9.440321583
3/12/14,9.447008349
3/13/14,9.474103278
3/14/14,9.501198207
3/15/14,9.528293135
3/16/14,9.555388064
3/17/14,9.582482993
3/18/14,9.609577922
3/19/14,9.62987013
3/20/14,9.618274583
3/21/14,9.606679035
3/22/14,9.595083488
3/23/14,9.583487941
3/24/14,9.571892393
3/25/14,9.560296846
3/26/14,9.548701299
3/27/14,9.513296228
3/28/14,9.477891156
3/29/14,9.472789116
3/30/14,9.467687075
3/31/14,9.462585034
4/1/14,9.457482993
4/2/14,9.496598639
4/3/14,9.535714286
4/4/14,9.557513915
4/5/14,9.579313544
4/6/14,9.601113173
4/7/14,9.622912801
4/8/14,9.64471243
4/9/14,9.646103896
4/10/14,9.647495362
4/11/14,9.648886827
4/12/14,9.650278293
4/13/14,9.651669759
4/14/14,9.632653061
4/15/14,9.597763348
4/16/14,9.562873634
4/17/14,9.527794956
4/18/14,9.492716278
4/19/14,9.4576376
4/20/14,9.422558923
4/21/14,9.428296571
4/22/14,9.43403422
4/23/14,9.439771868
4/24/14,9.437573009
4/25/14,9.43537415
4/26/14,9.398110355
4/27/14,9.360846561
4/28/14,9.303174603
4/29/14,9.245502646
4/30/14,9.229497354
5/1/14,9.242063492
5/2/14,9.25462963
5/3/14,9.267195767
5/4/14,9.279761905
5/5/14,9.271919879
5/6/14,9.281934996
5/7/14,9.291950113
5/8/14,9.284108088
5/9/14,9.276266062
5/10/14,9.263133031
5/11/14,9.25
5/12/14,9.277683296
5/13/14,9.305366591
5/14/14,9.296674225
5/15/14,9.287981859
5/16/14,9.279289494
5/17/14,9.270597128
5/18/14,9.261904762
5/19/14,9.232804233
5/20/14,9.227513228
5/21/14,9.222222222
5/22/14,9.216931217
5/23/14,9.211640212
5/24/14,9.206349206
5/25/14,9.201058201
5/26/14,9.195767196
5/27/14,9.19047619
5/28/14,9.185185185
5/29/14,9.17989418
5/30/14,9.174603175
5/31/14,9.169312169
6/1/14,9.164021164
6/2/14,9.158730159
6/3/14,9.153439153
6/4/14,9.148148148
6/5/14,9.142857143
6/6/14,9.133333333
6/7/14,9.123809524
6/8/14,9.114285714
6/9/14,9.104761905
6/10/14,9.095238095
6/11/14,9.085714286
6/12/14,9.061904762
6/13/14,9.038095238
6/14/14,9.014285714
6/15/14,8.99047619
6/16/14,8.946258503
6/17/14,8.926530612
6/18/14,8.888945578
6/19/14,8.851360544
6/20/14,8.81377551
6/21/14,8.799450549
6/22/14,8.785125589
6/23/14,8.791208791
6/24/14,8.787087912
6/25/14,8.777864992
6/26/14,8.786499215
6/27/14,8.795133438
6/28/14,8.803767661
6/29/14,8.812401884
6/30/14,8.821036107
7/1/14,8.82967033
7/2/14,8.838304553
7/3/14,8.846938776
7/4/14,8.854107797
7/5/14,8.861276818
7/6/14,8.86844584
7/7/14,8.875614861
7/8/14,8.882783883
7/9/14,8.889952904
7/10/14,8.897121926
7/11/14,8.904290947
7/12/14,8.911459969
7/13/14,8.91862899
7/14/14,8.925798012
7/15/14,8.932967033
7/16/14,8.940136054
7/17/14,8.96292517
7/18/14,8.985714286
7/19/14,8.991836735
7/20/14,8.997959184
7/21/14,9.024489796
7/22/14,9.051020408
7/23/14,9.087755102
7/24/14,9.104081633
7/25/14,9.120408163
7/26/14,9.136734694
7/27/14,9.153061224
7/28/14,9.128571429
7/29/14,9.104081633
7/30/14,9.089795918
7/31/14,9.055102041
8/1/14,9.020408163
8/2/14,8.985714286
8/3/14,8.951020408
8/4/14,8.936734694
8/5/14,8.92244898
8/6/14,8.889030612
8/7/14,8.876020408
8/8/14,8.870153061
8/9/14,8.864285714
8/10/14,8.858418367
8/11/14,8.85255102
8/12/14,8.846683673
8/13/14,8.840816327
8/14/14,8.843877551
8/15/14,8.846938776
8/16/14,8.85
8/17/14,8.853061224
8/18/14,8.856122449
8/19/14,8.859183673
8/20/14,8.857142857
8/21/14,8.869897959
8/22/14,8.882653061
8/23/14,8.895408163
8/24/14,8.908163265
8/25/14,8.920918367
8/26/14,8.933673469
8/27/14,8.946428571
8/28/14,8.981292517
8/29/14,9.016156463
8/30/14,9.074829932
8/31/14,9.133503401
9/1/14,9.212585034
9/2/14,9.291666667
9/3/14,9.340986395
9/4/14,9.349489796
9/5/14,9.334183673
9/6/14,9.31207483
9/7/14,9.289965986
9/8/14,9.227040816
9/9/14,9.164115646
9/10/14,9.101190476
9/11/14,9.088435374
9/12/14,9.075680272
9/13/14,9.06292517
9/14/14,9.050170068
9/15/14,9.057823129
9/16/14,9.06547619
9/17/14,9.052295918
9/18/14,9.036564626
9/19/14,9.020833333
9/20/14,9.005102041
9/21/14,8.989370748
9/22/14,8.994047619
9/23/14,8.99872449
9/24/14,8.985544218
9/25/14,8.995578231
9/26/14,9.005612245
9/27/14,9.02244898
9/28/14,9.039285714
9/29/14,9.015306122
9/30/14,8.950255102
10/1/14,8.885204082
10/2/14,8.861819728
10/3/14,8.831941868
10/4/14,8.802064007
10/5/14,8.772186147
10/6/14,8.738906926
10/7/14,8.705627706
10/8/14,8.699134199
10/9/14,8.692640693
10/10/14,8.686147186
10/11/14,8.67965368
10/12/14,8.71482684
10/13/14,8.75
10/14/14,8.761363636
10/15/14,8.772727273
10/16/14,8.784090909
10/17/14,8.795454545
10/18/14,8.806818182
10/19/14,8.818181818
10/20/14,8.811688312
10/21/14,8.805194805
10/22/14,8.792156612
10/23/14,8.779118419
10/24/14,8.766080225
10/25/14,8.759535538
10/26/14,8.752990852
10/27/14,8.746446165
10/28/14,8.739901478
10/29/14,8.733356791
10/30/14,8.726812104
10/31/14,8.720267417
11/1/14,8.71372273
11/2/14,8.707178044
11/3/14,8.700633357
11/4/14,8.69408867
11/5/14,8.687543983
11/6/14,8.70140746
11/7/14,8.705747126
11/8/14,8.710086793
11/9/14,8.71442646
11/10/14,8.718766127
11/11/14,8.723105794
11/12/14,8.751254985
11/13/14,8.738587849
11/14/14,8.725920713
11/15/14,8.713253577
11/16/14,8.700586441
11/17/14,8.664109782
11/18/14,8.61402768
11/19/14,8.563945578
11/20/14,8.559693878
11/21/14,8.555442177
11/22/14,8.571703297
11/23/14,8.629631083
11/24/14,8.68755887
11/25/14,8.726354003
11/26/14,8.77603349
11/27/14,8.784896651
11/28/14,8.793759812
11/29/14,8.802622972
11/30/14,8.811486133
12/1/14,8.802492151
12/2/14,8.793498168
12/3/14,8.78549625
12/4/14,8.797902494
12/5/14,8.789795918
12/6/14,8.781689342
12/7/14,8.773582766
12/8/14,8.76547619
12/9/14,8.757369615
12/10/14,8.749263039
12/11/14,8.764965986
12/12/14,8.802891156
12/13/14,8.840816327
12/14/14,8.878741497
12/15/14,8.916666667
12/16/14,8.954591837
12/17/14,8.957227891
12/18/14,8.957312925
12/19/14,8.957397959
12/20/14,8.967006803
12/21/14,8.976615646
12/22/14,8.98622449
12/23/14,8.995833333
12/24/14,9.005442177
12/25/14,9.01505102
12/26/14,9.024659864
12/27/14,9.034268707
12/28/14,9.043877551
12/29/14,9.053486395
12/30/14,9.063095238
12/31/14,9.072704082
1/1/15,9.082312925
1/2/15,9.059183673
1/3/15,9.036054422
1/4/15,9.01292517
1/5/15,8.989795918
1/6/15,8.966666667
1/7/15,8.939002268
1/8/15,8.935147392
1/9/15,8.931292517
1/10/15,8.927437642
1/11/15,8.923582766
1/12/15,8.919727891
1/13/15,8.915873016
1/14/15,8.912018141
1/15/15,8.908163265
1/16/15,8.912244898
1/17/15,8.923469388
1/18/15,8.934693878
1/19/15,8.945918367
1/20/15,8.957142857
1/21/15,8.94829932
1/22/15,8.919047619
1/23/15,8.889795918
1/24/15,8.860544218
1/25/15,8.85170068
1/26/15,8.842857143
1/27/15,8.856122449
1/28/15,8.869387755
1/29/15,8.926716141
1/30/15,8.984044527
1/31/15,9.041372913
2/1/15,9.078293135
2/2/15,9.115213358
2/3/15,9.133000928
2/4/15,9.150788497
2/5/15,9.12775974
2/6/15,9.079730983
2/7/15,9.031702226
2/8/15,8.983673469
2/9/15,8.935644712
2/10/15,8.887615955
2/11/15,8.84851577
2/12/15,8.809415584
2/13/15,8.770315399
2/14/15,8.756215213
2/15/15,8.721706865
2/16/15,8.687198516
2/17/15,8.652690167
2/18/15,8.618181818
2/19/15,8.624489796
2/20/15,8.62244898
2/21/15,8.620408163
2/22/15,8.63877551
2/23/15,8.657142857
2/24/15,8.675510204
2/25/15,8.704761905
2/26/15,8.713605442
2/27/15,8.72244898
2/28/15,8.741496599
3/1/15,8.760544218
3/2/15,8.779591837
3/3/15,8.786734694
3/4/15,8.793877551
3/5/15,8.801020408
3/6/15,8.801020408
3/7/15,8.801020408
3/8/15,8.801020408
3/9/15,8.801020408
3/10/15,8.801020408
3/11/15,8.801020408
3/12/15,8.824829932
3/13/15,8.848639456
3/14/15,8.862244898
3/15/15,8.87585034
3/16/15,8.889455782
3/17/15,8.903061224
3/18/15,8.87244898
3/19/15,8.821428571
3/20/15,8.778061224
3/21/15,8.734693878
3/22/15,8.670918367
3/23/15,8.607142857
3/24/15,8.543367347
3/25/15,8.511313221
3/26/15,8.523476782
3/27/15,8.535640343
3/28/15,8.547803904
3/29/15,8.600783792
3/30/15,8.653763679
3/31/15,8.706743567
4/1/15,8.735913931
4/2/15,8.765084295
4/3/15,8.787761152
4/4/15,8.810438009
4/5/15,8.812706703
4/6/15,8.814975397
4/7/15,8.817244091
4/8/15,8.819512785
4/9/15,8.801373316
4/10/15,8.797519561
4/11/15,8.793665806
4/12/15,8.789812051
4/13/15,8.785958296
4/14/15,8.782104541
4/15/15,8.753760991
4/16/15,8.745825603
4/17/15,8.73609494
4/18/15,8.726364276
4/19/15,8.696225449
4/20/15,8.666086623
4/21/15,8.635947796
4/22/15,8.604108289
4/23/15,8.592676945
4/24/15,8.581245602
4/25/15,8.587296775
4/26/15,8.631613255
4/27/15,8.675929735
4/28/15,8.75255914
4/29/15,8.829188545
4/30/15,8.885409787
5/1/15,8.941631029
5/2/15,8.997852271
5/3/15,9.054073513
5/4/15,9.116247135
5/5/15,9.158012595
5/6/15,9.199778054
5/7/15,9.241543514
5/8/15,9.272319962
5/9/15,9.303096411
5/10/15,9.289655172
5/11/15,9.276213934
5/12/15,9.262772695
5/13/15,9.249331457
5/14/15,9.235890218
5/15/15,9.22244898
5/16/15,9.200597312
5/17/15,9.199153808
5/18/15,9.197710304
5/19/15,9.196266799
5/20/15,9.194823295
5/21/15,9.193379791
5/22/15,9.18734445
5/23/15,9.18811183
5/24/15,9.18887921
5/25/15,9.18964659
5/26/15,9.19041397
5/27/15,9.191181351
5/28/15,9.187186826
5/29/15,9.183192301
5/30/15,9.179197777
5/31/15,9.195611415
6/1/15,9.212025054
6/2/15,9.280819645
6/3/15,9.307947569
6/4/15,9.344004065
6/5/15,9.380060561
6/6/15,9.416117057
6/7/15,9.411357226
6/8/15,9.406597395
6/9/15,9.401837564
6/10/15,9.397077734
6/11/15,9.400651236
6/12/15,9.404224739
6/13/15,9.394192799
6/14/15,9.404569023
6/15/15,9.414945246
6/16/15,9.393178613
6/17/15,9.371411979
6/18/15,9.370053509
6/19/15,9.3763481
6/20/15,9.37371412
6/21/15,9.391488303
6/22/15,9.409262485
6/23/15,9.427036668
6/24/15,9.462667994
6/25/15,9.477891156
6/26/15,9.496598639
6/27/15,9.515306122
6/28/15,9.513605442
6/29/15,9.511904762
6/30/15,9.510204082
7/1/15,9.49829932
7/2/15,9.486394558
7/3/15,9.464965986
7/4/15,9.450340136
7/5/15,9.435714286
7/6/15,9.421088435
7/7/15,9.406462585
7/8/15,9.413945578
7/9/15,9.421428571
7/10/15,9.428911565
7/11/15,9.436394558
7/12/15,9.443877551
7/13/15,9.42755102
7/14/15,9.399319728
7/15/15,9.371088435
7/16/15,9.342857143
7/17/15,9.307422969
7/18/15,9.281512605
7/19/15,9.299819928
7/20/15,9.318127251
7/21/15,9.336434574
7/22/15,9.354741897
7/23/15,9.37304922
7/24/15,9.395438175
7/25/15,9.417827131
7/26/15,9.39939976
7/27/15,9.380972389
7/28/15,9.362545018
7/29/15,9.344117647
7/30/15,9.305282113
7/31/15,9.266446579
8/1/15,9.227611044
8/2/15,9.229591837
8/3/15,9.231572629
8/4/15,9.22462485
8/5/15,9.217677071
8/6/15,9.231137455
8/7/15,9.244597839
8/8/15,9.258058223
8/9/15,9.251110444
8/10/15,9.244162665
8/11/15,9.237214886
8/12/15,9.239195678
8/13/15,9.261584634
8/14/15,9.283973589
8/15/15,9.299219688
8/16/15,9.314465786
8/17/15,9.329711885
8/18/15,9.352894491
8/19/15,9.376077098
8/20/15,9.398809524
8/21/15,9.42154195
8/22/15,9.437471655
8/23/15,9.453401361
8/24/15,9.469331066
8/25/15,9.485260771
8/26/15,9.501190476
8/27/15,9.48877551
8/28/15,9.46547619
8/29/15,9.442176871
8/30/15,9.418877551
8/31/15,9.395578231
9/1/15,9.372278912
9/2/15,9.348979592
9/3/15,9.305272109
9/4/15,9.286564626
9/5/15,9.267857143
9/6/15,9.24914966
9/7/15,9.230442177
9/8/15,9.211734694
9/9/15,9.193027211
9/10/15,9.194727891
9/11/15,9.196428571
9/12/15,9.197278912
9/13/15,9.177721088
9/14/15,9.158163265
9/15/15,9.148809524
9/16/15,9.139455782
9/17/15,9.134753902
9/18/15,9.136854742
9/19/15,9.138955582
9/20/15,9.181872749
9/21/15,9.224789916
9/22/15,9.267707083
9/23/15,9.31062425
9/24/15,9.353541417
9/25/15,9.396458583
9/26/15,9.429171669
9/27/15,9.441476591
9/28/15,9.453781513
9/29/15,9.446953782
9/30/15,9.44012605
10/1/15,9.412890156
10/2/15,9.385654262
10/3/15,9.358418367
10/4/15,9.331182473
10/5/15,9.303946579
10/6/15,9.276710684
10/7/15,9.234593838
10/8/15,9.212885154
10/9/15,9.191176471
10/10/15,9.169467787
10/11/15,9.147759104
10/12/15,9.12605042
10/13/15,9.138355342
10/14/15,9.150660264
10/15/15,9.183373349
10/16/15,9.216086435
10/17/15,9.24879952
10/18/15,9.281512605
10/19/15,9.31422569
10/20/15,9.336734694
10/21/15,9.35952381
10/22/15,9.341496599
10/23/15,9.323469388
10/24/15,9.305442177
10/25/15,9.287414966
10/26/15,9.269387755
10/27/15,9.251360544
10/28/15,9.245238095
10/29/15,9.25952381
10/30/15,9.273809524
10/31/15,9.288095238
11/1/15,9.281972789
11/2/15,9.27585034
11/3/15,9.278231293
11/4/15,9.280612245
11/5/15,9.262585034
11/6/15,9.235034014
11/7/15,9.207482993
11/8/15,9.200340136
11/9/15,9.193197279
11/10/15,9.145238095
11/11/15,9.097278912
11/12/15,9.093537415
11/13/15,9.089795918
11/14/15,9.07585034
11/15/15,9.061904762
11/16/15,9.047959184
11/17/15,9.06462585
11/18/15,9.057482993
11/19/15,9.050340136
11/20/15,9.032419731
11/21/15,9.024023136
11/22/15,9.036034704
11/23/15,9.048046272
11/24/15,9.029445595
11/25/15,9.010844918
11/26/15,8.992244241
11/27/15,8.973643564
11/28/15,8.97545105
11/29/15,8.956850373
11/30/15,8.938249696
12/1/15,8.940057182
12/2/15,8.941864669
12/3/15,8.943672155
12/4/15,8.945479641
12/5/15,8.947287127
12/6/15,8.949094614
12/7/15,8.9509021
12/8/15,8.952709586
12/9/15,8.966421834
12/10/15,8.980134083
12/11/15,8.993846331
12/12/15,8.993272865
12/13/15,8.972291235
12/14/15,8.951309606
12/15/15,8.938831378
12/16/15,8.946761313
12/17/15,8.963466574
12/18/15,8.980171835
12/19/15,8.996877097
12/20/15,9.054398684
12/21/15,9.111920272
12/22/15,9.138829615
12/23/15,9.145330794
12/24/15,9.151831974
12/25/15,9.158333153
12/26/15,9.164834332
12/27/15,9.150927349
12/28/15,9.137020365
12/29/15,9.123113381
12/30/15,9.109206397
12/31/15,9.095299414
1/1/16,9.08139243
1/2/16,9.067485446
1/3/16,9.053578462
1/4/16,9.039671478
1/5/16,9.045423373
1/6/16,9.051175267
1/7/16,9.056927161
1/8/16,9.062679055
1/9/16,9.06843095
1/10/16,9.053774681
1/11/16,9.039118412
1/12/16,9.024462143
1/13/16,9.009805874
1/14/16,8.971340081
1/15/16,8.932874288
1/16/16,8.906008925
1/17/16,8.899551725
1/18/16,8.893094525
1/19/16,8.866229162
1/20/16,8.881030465
1/21/16,8.895831769
1/22/16,8.910633072
1/23/16,8.925434376
1/24/16,8.960643842
1/25/16,8.995853309
1/26/16,9.071879103
1/27/16,9.147667328
1/28/16,9.185190248
1/29/16,9.222713168
1/30/16,9.267038809
1/31/16,9.290956287
2/1/16,9.314873764
2/2/16,9.32731165
2/3/16,9.339749536
2/4/16,9.358865608
2/5/16,9.37798168
2/6/16,9.397097752
2/7/16,9.395805661
2/8/16,9.39451357
2/9/16,9.393221478
2/10/16,9.359191292
2/11/16,9.345569269
2/12/16,9.331947245
2/13/16,9.318325222
2/14/16,9.345519525
2/15/16,9.372713829
2/16/16,9.433921737
2/17/16,9.495129646
2/18/16,9.527920734
2/19/16,9.544158533
2/20/16,9.548491571
2/21/16,9.512008282
2/22/16,9.475524993
2/23/16,9.449245785
2/24/16,9.422966578
2/25/16,9.396687371
2/26/16,9.370408163
2/27/16,9.397959184
2/28/16,9.466326531
2/29/16,9.534693878
3/1/16,9.51122449
3/2/16,9.487755102
3/3/16,9.443877551
3/4/16,9.4
3/5/16,9.356122449
3/6/16,9.271428571
3/7/16,9.186734694
3/8/16,9.102040816
3/9/16,9.059013605
3/10/16,9.056802721
3/11/16,9.054591837
3/12/16,9.052380952
3/13/16,9.070578231
3/14/16,9.08877551
3/15/16,9.072959184
3/16/16,9.057142857
3/17/16,8.97329932
3/18/16,8.903741497
3/19/16,8.837244898
3/20/16,8.770748299
3/21/16,8.704251701
3/22/16,8.656887755
3/23/16,8.657142857
3/24/16,8.657397959
3/25/16,8.653401361
3/26/16,8.649404762
3/27/16,8.625
3/28/16,8.600595238
3/29/16,8.576190476
3/30/16,8.495238095
3/31/16,8.414285714
4/1/16,8.333333333
4/2/16,8.252380952
4/3/16,8.191836735
4/4/16,8.131292517
4/5/16,8.128571429
4/6/16,8.12585034
4/7/16,8.143537415
4/8/16,8.180952381
4/9/16,8.23537415
4/10/16,8.310204082
4/11/16,8.385034014
4/12/16,8.449659864
4/13/16,8.514285714
4/14/16,8.558503401
4/15/16,8.602721088
4/16/16,8.646938776
4/17/16,8.670748299
4/18/16,8.694557823
4/19/16,8.728571429
4/20/16,8.762585034
4/21/16,8.796598639
4/22/16,8.823129252
4/23/16,8.829931973
4/24/16,8.836734694
4/25/16,8.843537415
4/26/16,8.840136054
4/27/16,8.836734694
4/28/16,8.833333333
4/29/16,8.829931973
4/30/16,8.826530612
5/1/16,8.823129252
5/2/16,8.819727891
5/3/16,8.816326531
5/4/16,8.81292517
5/5/16,8.818452381
5/6/16,8.823979592
5/7/16,8.829506803
5/8/16,8.835034014
5/9/16,8.840561224
5/10/16,8.855017007
5/11/16,8.869472789
5/12/16,8.883928571
5/13/16,8.898384354
5/14/16,8.919642857
5/15/16,8.940901361
5/16/16,8.962159864
5/17/16,8.983418367
5/18/16,8.983843537
5/19/16,8.984268707
5/20/16,8.984693878
5/21/16,8.976190476
5/22/16,8.967687075
5/23/16,8.959183673
5/24/16,8.953656463
5/25/16,8.948129252
5/26/16,8.942602041
5/27/16,8.93707483
5/28/16,8.931547619
5/29/16,8.926020408
5/30/16,8.920493197
5/31/16,8.914965986
6/1/16,8.942176871
6/2/16,8.989795918
6/3/16,9.044217687
6/4/16,9.091836735
6/5/16,9.139455782
6/6/16,9.18707483
6/7/16,9.221088435
6/8/16,9.255102041
6/9/16,9.268707483
6/10/16,9.282312925
6/11/16,9.295918367
6/12/16,9.30952381
6/13/16,9.323129252
6/14/16,9.326530612
6/15/16,9.329931973
6/16/16,9.314909297
6/17/16,9.299886621
6/18/16,9.284863946
6/19/16,9.26984127
6/20/16,9.254818594
6/21/16,9.239795918
6/22/16,9.224773243
6/23/16,9.23015873
6/24/16,9.235544218
6/25/16,9.240929705
6/26/16,9.266723356
6/27/16,9.292517007
6/28/16,9.297902494
6/29/16,9.321145125
6/30/16,9.344387755
7/1/16,9.367630385
7/2/16,9.390873016
7/3/16,9.37329932
7/4/16,9.355725624
7/5/16,9.378968254
7/6/16,9.402210884
7/7/16,9.387188209
7/8/16,9.35430839
7/9/16,9.31122449
7/10/16,9.288548753
7/11/16,9.265873016
7/12/16,9.231717687
7/13/16,9.197562358
7/14/16,9.183815193
7/15/16,9.164399093
7/16/16,9.169982993
7/17/16,9.195975057
7/18/16,9.22196712
7/19/16,9.247959184
7/20/16,9.265022676
7/21/16,9.282086168
7/22/16,9.295064693
7/23/16,9.32505002
7/24/16,9.314219021
7/25/16,9.303388022
7/26/16,9.292557023
7/27/16,9.271521942
7/28/16,9.250486861
7/29/16,9.229451781
7/30/16,9.2084167
7/31/16,9.228197946
8/1/16,9.247979192
8/2/16,9.267760438
8/3/16,9.307949847
8/4/16,9.368547419
8/5/16,9.422002134
8/6/16,9.475456849
8/7/16,9.508503401
8/8/16,9.541549953
8/9/16,9.574596505
8/10/16,9.597438976
8/11/16,9.579465119
8/12/16,9.561491263
8/13/16,9.540116046
8/14/16,9.498332666
8/15/16,9.456549286
8/16/16,9.414765906
8/17/16,9.352574363
8/18/16,9.310790983
8/19/16,9.269007603
8/20/16,9.227224223
8/21/16,9.22625717
8/22/16,9.225290116
8/23/16,9.224323063
8/24/16,9.243764172
8/25/16,9.255453906
8/26/16,9.267143639
8/27/16,9.278833372
8/28/16,9.249706779
8/29/16,9.220580186
8/30/16,9.191453593
8/31/16,9.138517476
9/1/16,9.065173196
9/2/16,8.985335409
9/3/16,8.905497622
9/4/16,8.846067999
9/5/16,8.786638375
9/6/16,8.759946847
9/7/16,8.733255319
9/8/16,8.726971954
9/9/16,8.720688589
9/10/16,8.714405224
9/11/16,8.708121859
9/12/16,8.701838494
9/13/16,8.695555129
9/14/16,8.680343193
9/15/16,8.665131256
9/16/16,8.662390975
9/17/16,8.659650694
9/18/16,8.656910413
9/19/16,8.654170132
9/20/16,8.669286994
9/21/16,8.684403856
9/22/16,8.719928881
9/23/16,8.775510204
9/24/16,8.845172684
9/25/16,8.935243328
9/26/16,9.025313972
9/27/16,9.115384615
9/28/16,9.196526688
9/29/16,9.27766876
9/30/16,9.358810832
10/1/16,9.439952904
10/2/16,9.500686813
10/3/16,9.561420722
10/4/16,9.622154631
10/5/16,9.68288854
10/6/16,9.728571429
10/7/16,9.763265306
10/8/16,9.797959184
10/9/16,9.812244898
10/10/16,9.826530612
10/11/16,9.835459184
10/12/16,9.844387755
10/13/16,9.832908163
10/14/16,9.818027211
10/15/16,9.803146259
10/16/16,9.829081633
10/17/16,9.855017007
10/18/16,9.880952381
10/19/16,9.87755102
10/20/16,9.894557823
10/21/16,9.901360544
10/22/16,9.908163265
10/23/16,9.894557823
10/24/16,9.880952381
10/25/16,9.867346939
10/26/16,9.87414966
10/27/16,9.901360544
10/28/16,9.928571429
10/29/16,9.955782313
10/30/16,9.982993197
10/31/16,10.01020408
11/1/16,10.03741497
11/2/16,10.06462585
11/3/16,10.04761905
11/4/16,10.02154195
11/5/16,9.995464853
11/6/16,9.969387755
11/7/16,9.943310658
11/8/16,9.91723356
11/9/16,9.93877551
11/10/16,9.96031746
11/11/16,9.98185941
11/12/16,10.00340136
11/13/16,10.00453515
11/14/16,10.00566893
11/15/16,9.965136054
11/16/16,9.924603175
11/17/16,9.886054422
11/18/16,9.847505669
11/19/16,9.808956916
11/20/16,9.790816327
11/21/16,9.772675737
11/22/16,9.754535147
11/23/16,9.778061224
11/24/16,9.781179138
11/25/16,9.784297052
11/26/16,9.787414966
11/27/16,9.810941043
11/28/16,9.83446712
11/29/16,9.834183673
11/30/16,9.833900227
12/1/16,9.874433107
12/2/16,9.914965986
12/3/16,9.955498866
12/4/16,9.975623583
12/5/16,9.995748299
12/6/16,10.01587302
12/7/16,10.04620181
12/8/16,10.03571429
12/9/16,10.02522676
12/10/16,10.0106576
12/11/16,9.996088435
12/12/16,9.981519274
12/13/16,9.966950113
12/14/16,9.931972789
12/15/16,9.917403628
12/16/16,9.902834467
12/17/16,9.888265306
12/18/16,9.873696145
12/19/16,9.859126984
12/20/16,9.844557823
12/21/16,9.840192744
12/22/16,9.835827664
12/23/16,9.829478458
12/24/16,9.823129252
12/25/16,9.806575964
12/26/16,9.790022676
12/27/16,9.773469388
12/28/16,9.7569161
12/29/16,9.740362812
12/30/16,9.723809524
12/31/16,9.707256236
1/1/17,9.690702948
1/2/17,9.67414966
1/3/17,9.657596372
1/4/17,9.629138322
1/5/17,9.600680272
1/6/17,9.559833024
1/7/17,9.518985776
1/8/17,9.508750773
1/9/17,9.49851577
1/10/17,9.500185529
1/11/17,9.501855288
1/12/17,9.503525046
1/13/17,9.505194805
1/14/17,9.521150278
1/15/17,9.537105751
1/16/17,9.553061224
1/17/17,9.569016698
1/18/17,9.584972171
1/19/17,9.600927644
1/20/17,9.616883117
1/21/17,9.63283859
1/22/17,9.607977737
1/23/17,9.583116883
1/24/17,9.548051948
1/25/17,9.512987013
1/26/17,9.477922078
1/27/17,9.434920635
1/28/17,9.367800454
1/29/17,9.280272109
1/30/17,9.192743764
1/31/17,9.04399093
2/1/17,8.895238095
2/2/17,8.726077098
2/3/17,8.657256236
2/4/17,8.588435374
2/5/17,8.560430839
2/6/17,8.532426304
2/7/17,8.468707483
2/8/17,8.404988662
2/9/17,8.361678005
2/10/17,8.326530612
2/11/17,8.29138322
2/12/17,8.256235828
2/13/17,8.221088435
2/14/17,8.177012472
2/15/17,8.132936508
2/16/17,8.088860544
2/17/17,8.04478458
2/18/17,8.027919501
2/19/17,8.011054422
2/20/17,7.994189342
2/21/17,7.977324263
2/22/17,7.93877551
2/23/17,7.887755102
2/24/17,7.853741497
2/25/17,7.819727891
2/26/17,7.785714286
2/27/17,7.75170068
2/28/17,7.717687075
3/1/17,7.724489796
3/2/17,7.75170068
3/3/17,7.778911565
3/4/17,7.806122449
3/5/17,7.833333333
3/6/17,7.860544218
3/7/17,7.887755102
3/8/17,7.904761905
3/9/17,7.921768707
3/10/17,7.918367347
3/11/17,7.908163265
3/12/17,7.897959184
3/13/17,7.887755102
3/14/17,7.87755102
3/15/17,7.867346939
3/16/17,7.857142857
3/17/17,7.846938776
3/18/17,7.836734694
3/19/17,7.826530612
3/20/17,7.816326531
3/21/17,7.806122449
3/22/17,7.795918367
3/23/17,7.806122449
3/24/17,7.826530612
3/25/17,7.846938776
3/26/17,7.867346939
3/27/17,7.887755102
3/28/17,7.918367347
3/29/17,7.954081633
3/30/17,7.993197279
3/31/17,8.032312925
4/1/17,8.071428571
4/2/17,8.110544218
4/3/17,8.149659864
4/4/17,8.168367347
4/5/17,8.142857143
4/6/17,8.117346939
4/7/17,8.091836735
4/8/17,8.073129252
4/9/17,8.074829932
4/10/17,8.076530612
4/11/17,8.096371882
4/12/17,8.154478458
4/13/17,8.212585034
4/14/17,8.291099773
4/15/17,8.369614512
4/16/17,8.427721088
4/17/17,8.485827664
4/18/17,8.54393424
4/19/17,8.602040816
4/20/17,8.62585034
4/21/17,8.62244898
4/22/17,8.619047619
4/23/17,8.615646259
4/24/17,8.612244898
4/25/17,8.608843537
4/26/17,8.604235242
4/27/17,8.620035111
4/28/17,8.635834979
4/29/17,8.644832126
4/30/17,8.653829274
5/1/17,8.662826421
5/2/17,8.671823568
5/3/17,8.65020847
5/4/17,8.628593373
5/5/17,8.606978275
5/6/17,8.585363178
5/7/17,8.584156243
5/8/17,8.582949309
5/9/17,8.581742374
5/10/17,8.570331358
5/11/17,8.558920342
5/12/17,8.533903884
5/13/17,8.508887426
5/14/17,8.443054641
5/15/17,8.377221856
5/16/17,8.311389072
5/17/17,8.289773974
5/18/17,8.268158876
5/19/17,8.280557384
5/20/17,8.292955892
5/21/17,8.3053544
5/22/17,8.317752908
5/23/17,8.306341892
5/24/17,8.294930876
5/25/17,8.28351986
5/26/17,8.272108844
5/27/17,8.268163265
5/28/17,8.28462585
5/29/17,8.301088435
5/30/17,8.335408163
5/31/17,8.369727891
6/1/17,8.404047619
6/2/17,8.438367347
6/3/17,8.472687075
6/4/17,8.527414966
6/5/17,8.582142857
6/6/17,8.636870748
6/7/17,8.673741497
6/8/17,8.710612245
6/9/17,8.733877551
6/10/17,8.757142857
6/11/17,8.76
6/12/17,8.762857143
6/13/17,8.765714286
6/14/17,8.804285714
6/15/17,8.842857143
6/16/17,8.888231293
6/17/17,8.933605442
6/18/17,8.978979592
6/19/17,9.024353741
6/20/17,9.069727891
6/21/17,9.094387755
6/22/17,9.06292517
6/23/17,9.031462585
6/24/17,9
6/25/17,8.968537415
6/26/17,8.93707483
6/27/17,8.905612245
6/28/17,8.906462585
6/29/17,8.927721088
6/30/17,8.948979592
7/1/17,8.970238095
7/2/17,8.991496599
7/3/17,9.012755102
7/4/17,9.00170068
7/5/17,8.990646259
7/6/17,8.979591837
7/7/17,8.954931973
7/8/17,8.920068027
7/9/17,8.885204082
7/10/17,8.850340136
7/11/17,8.835884354
7/12/17,8.821428571
7/13/17,8.806972789
7/14/17,8.792517007
7/15/17,8.778061224
7/16/17,8.763605442
7/17/17,8.74914966
7/18/17,8.734693878
7/19/17,8.734013605
7/20/17,8.733333333
7/21/17,8.732653061
7/22/17,8.742176871
7/23/17,8.75170068
7/24/17,8.76122449
7/25/17,8.770748299
7/26/17,8.749659864
7/27/17,8.708163265
7/28/17,8.684458399
7/29/17,8.660753532
7/30/17,8.657456829
7/31/17,8.654160126
8/1/17,8.650863422
8/2/17,8.669675563
8/3/17,8.708895866
8/4/17,8.74811617
8/5/17,8.787336473
8/6/17,8.806148613
8/7/17,8.824960754
8/8/17,8.805082418
8/9/17,8.785204082
8/10/17,8.774744898
8/11/17,8.764285714
8/12/17,8.764030612
8/13/17,8.743367347
8/14/17,8.722704082
8/15/17,8.702040816
8/16/17,8.708163265
8/17/17,8.700371058
8/18/17,8.69257885
8/19/17,8.684786642
8/20/17,8.697402597
8/21/17,8.710018553
8/22/17,8.722634508
8/23/17,8.75974026
8/24/17,8.796846011
8/25/17,8.833951763
8/26/17,8.860853432
8/27/17,8.887755102
8/28/17,8.914656772
8/29/17,8.941558442
8/30/17,8.948051948
8/31/17,8.954545455
9/1/17,8.981447124
9/2/17,9.008348794
9/3/17,9.035250464
9/4/17,9.062152134
9/5/17,9.099257885
9/6/17,9.136363636
9/7/17,9.25588697
9/8/17,9.328100471
9/9/17,9.3288854
9/10/17,9.350078493
9/11/17,9.371271586
9/12/17,9.392464678
9/13/17,9.413657771
9/14/17,9.434850863
9/15/17,9.476452119
9/16/17,9.506148613
9/17/17,9.515436944
9/18/17,9.524725275
9/19/17,9.523809524
9/20/17,9.511904762
9/21/17,9.5