,support
2013-10-23,3.6564625850340136
2013-10-24,3.665986394557823
2013-10-25,3.6755102040816325
2013-10-26,3.6645211930926216
2013-10-27,3.6535321821036106
2013-10-28,3.6425431711145997
2013-10-29,3.6315541601255887
2013-10-30,3.620565149136578
2013-10-31,3.5891679748822614
2013-11-01,3.557770800627943
2013-11-02,3.5263736263736263
2013-11-03,3.4949764521193094
2013-11-04,3.4635792778649916
2013-11-05,3.4321821036106748
2013-11-06,3.400784929356358
2013-11-07,3.422108843537415
2013-11-08,3.454421768707483
2013-11-09,3.486734693877551
2013-11-10,3.519047619047619
2013-11-11,3.551360544217687
2013-11-12,3.583673469387755
2013-11-13,3.604081632653061
2013-11-14,3.604081632653061
2013-11-15,3.604081632653061
2013-11-16,3.604081632653061
2013-11-17,3.604081632653061
2013-11-18,3.604081632653061
2013-11-19,3.604081632653061
2013-11-20,3.5931972789115645
2013-11-21,3.561904761904762
2013-11-22,3.5306122448979593
2013-11-23,3.499319727891156
2013-11-24,3.4680272108843537
2013-11-25,3.457142857142857
2013-11-26,3.4462585034013604
2013-11-27,3.435374149659864
2013-11-28,3.437074829931973
2013-11-29,3.4387755102040813
2013-11-30,3.450680272108844
2013-12-01,3.4625850340136055
2013-12-02,3.4336734693877555
2013-12-03,3.4047619047619047
2013-12-04,3.3996598639455784
2013-12-05,3.3945578231292513
2013-12-06,3.3989795918367345
2013-12-07,3.4034013605442177
2013-12-08,3.4078231292517005
2013-12-09,3.453061224489796
2013-12-10,3.486394557823129
2013-12-11,3.5299319727891154
2013-12-12,3.5972789115646258
2013-12-13,3.664625850340136
2013-12-14,3.7217687074829935
2013-12-15,3.7789115646258504
2013-12-16,3.8156462585034014
2013-12-17,3.8523809523809525
2013-12-18,3.8748299319727892
2013-12-19,3.897278911564626
2013-12-20,3.9232122117139534
2013-12-21,3.9396217023394726
2013-12-22,3.9560311929649905
2013-12-23,3.9724406835905097
2013-12-24,3.988850174216027
2013-12-25,4.005259664841547
2013-12-26,4.021669155467065
2013-12-27,4.0380786460925835
2013-12-28,4.054488136718102
2013-12-29,4.07089762734362
2013-12-30,4.087307117969139
2013-12-31,4.103716608594658
2014-01-01,4.120126099220175
2014-01-02,4.127011780321885
2014-01-03,4.133897461423594
2014-01-04,4.1407831425253026
2014-01-05,4.147668823627012
2014-01-06,4.15455450472872
2014-01-07,4.16144018583043
2014-01-08,4.168325866932139
2014-01-09,4.175211548033848
2014-01-10,4.1820972291355565
2014-01-11,4.188982910237266
2014-01-12,4.195868591338974
2014-01-13,4.202754272440684
2014-01-14,4.217576461478901
2014-01-15,4.232398650517117
2014-01-16,4.247220839555334
2014-01-17,4.262043028593551
2014-01-18,4.276865217631768
2014-01-19,4.291687406669985
2014-01-20,4.326917758973508
2014-01-21,4.3621481112770315
2014-01-22,4.393977103036336
2014-01-23,4.397461423593827
2014-01-24,4.400945744151319
2014-01-25,4.40443006470881
2014-01-26,4.407914385266301
2014-01-27,4.370582379293181
2014-01-28,4.323046291687406
2014-01-29,4.275510204081633
2014-01-30,4.238404452690167
2014-01-31,4.201298701298701
2014-02-01,4.164192949907235
2014-02-02,4.1270871985157696
2014-02-03,4.1103896103896105
2014-02-04,4.103896103896104
2014-02-05,4.097402597402597
2014-02-06,4.090909090909091
2014-02-07,4.084415584415584
2014-02-08,4.077922077922078
2014-02-09,4.071428571428571
2014-02-10,4.064935064935065
2014-02-11,4.058441558441559
2014-02-12,4.0519480519480515
2014-02-13,4.045454545454546
2014-02-14,4.038961038961039
2014-02-15,4.032467532467533
2014-02-16,4.025974025974025
2014-02-17,4.01948051948052
2014-02-18,4.012987012987013
2014-02-19,4.0064935064935066
2014-02-20,4.020408163265306
2014-02-21,4.046107331821617
2014-02-22,4.071806500377929
2014-02-23,4.09750566893424
2014-02-24,4.123204837490552
2014-02-25,4.148904006046863
2014-02-26,4.174603174603175
2014-02-27,4.159486016628874
2014-02-28,4.144368858654572
2014-03-01,4.129251700680272
2014-03-02,4.114134542705971
2014-03-03,4.0786092214663645
2014-03-04,4.043083900226757
2014-03-05,4.00755857898715
2014-03-06,3.99244142101285
2014-03-07,3.977324263038549
2014-03-08,3.962207105064248
2014-03-09,3.947089947089947
2014-03-10,3.9727891156462585
2014-03-11,3.99848828420257
2014-03-12,4.0241874527588815
2014-03-13,4.049886621315193
2014-03-14,4.075585789871504
2014-03-15,4.0910808767951625
2014-03-16,4.106575963718821
2014-03-17,4.081254724111867
2014-03-18,4.055933484504913
2014-03-19,4.030612244897959
2014-03-20,3.997448979591837
2014-03-21,3.9642857142857144
2014-03-22,3.9311224489795924
2014-03-23,3.89795918367347
2014-03-24,3.885204081632653
2014-03-25,3.872448979591837
2014-03-26,3.8596938775510203
2014-03-27,3.8231292517006805
2014-03-28,3.78656462585034
2014-03-29,3.770408163265306
2014-03-30,3.754251700680272
2014-03-31,3.738095238095238
2014-04-01,3.721938775510204
2014-04-02,3.75
2014-04-03,3.7780612244897958
2014-04-04,3.806122448979592
2014-04-05,3.8341836734693877
2014-04-06,3.8622448979591835
2014-04-07,3.9107142857142856
2014-04-08,3.9591836734693873
2014-04-09,4.011054421768708
2014-04-10,4.062925170068026
2014-04-11,4.1147959183673475
2014-04-12,4.156462585034014
2014-04-13,4.1981292517006805
2014-04-14,4.219387755102041
2014-04-15,4.20890022675737
2014-04-16,4.198412698412699
2014-04-17,4.193027210884353
2014-04-18,4.187641723356009
2014-04-19,4.182256235827665
2014-04-20,4.1768707482993195
2014-04-21,4.171485260770975
2014-04-22,4.16609977324263
2014-04-23,4.160714285714286
2014-04-24,4.163265306122449
2014-04-25,4.165816326530612
2014-04-26,4.168367346938775
2014-04-27,4.170918367346938
2014-04-28,4.173469387755103
2014-04-29,4.176020408163265
2014-04-30,4.142857142857143
2014-05-01,4.10969387755102
2014-05-02,4.076530612244897
2014-05-03,4.043367346938775
2014-05-04,4.0102040816326525
2014-05-05,3.977040816326531
2014-05-06,3.997448979591837
2014-05-07,4.017857142857143
2014-05-08,4.038265306122449
2014-05-09,4.058673469387755
2014-05-10,4.073790627362056
2014-05-11,4.088907785336357
2014-05-12,4.124433106575964
2014-05-13,4.15995842781557
2014-05-14,4.177626606198035
2014-05-15,4.188882760311332
2014-05-16,4.200138914424628
2014-05-17,4.211395068537926
2014-05-18,4.222651222651223
2014-05-19,4.2134992134992135
2014-05-20,4.204347204347204
2014-05-21,4.195195195195195
2014-05-22,4.186043186043186
2014-05-23,4.176891176891177
2014-05-24,4.167739167739168
2014-05-25,4.158587158587158
2014-05-26,4.129026986169843
2014-05-27,4.099466813752528
2014-05-28,4.0597025597025596
2014-05-29,4.019938305652592
2014-05-30,3.980174051602623
2014-05-31,3.940409797552655
2014-06-01,3.9006455435026863
2014-06-02,3.860881289452718
2014-06-03,3.82111703540275
2014-06-04,3.8094140058425774
2014-06-05,3.797710976282405
2014-06-06,3.791298952013238
2014-06-07,3.7848869277440707
2014-06-08,3.7784749034749034
2014-06-09,3.8128792057363485
2014-06-10,3.8472835079977936
2014-06-11,3.8816878102592383
2014-06-12,3.8839492553778263
2014-06-13,3.8862107004964153
2014-06-14,3.8884721456150024
2014-06-15,3.8907335907335905
2014-06-16,3.8725868725868726
2014-06-17,3.8483177054605626
2014-06-18,3.8240485383342526
2014-06-19,3.799779371207943
2014-06-20,3.775510204081633
2014-06-21,3.752354788069074
2014-06-22,3.7291993720565153
2014-06-23,3.6856357927786503
2014-06-24,3.672684458398744
2014-06-25,3.6597331240188384
2014-06-26,3.6467817896389323
2014-06-27,3.6338304552590266
2014-06-28,3.620879120879121
2014-06-29,3.6079277864992148
2014-06-30,3.6153846153846154
2014-07-01,3.6215659340659343
2014-07-02,3.6277472527472527
2014-07-03,3.6135204081632653
2014-07-04,3.5992935635792778
2014-07-05,3.5850667189952903
2014-07-06,3.570839874411303
2014-07-07,3.5566130298273153
2014-07-08,3.542386185243328
2014-07-09,3.5073260073260073
2014-07-10,3.4926739926739927
2014-07-11,3.478021978021978
2014-07-12,3.4633699633699635
2014-07-13,3.448717948717949
2014-07-14,3.4340659340659343
2014-07-15,3.4313186813186816
2014-07-16,3.4285714285714284
2014-07-17,3.4265306122448984
2014-07-18,3.4244897959183676
2014-07-19,3.4193877551020404
2014-07-20,3.414285714285714
2014-07-21,3.4091836734693883
2014-07-22,3.404081632653061
2014-07-23,3.3938775510204082
2014-07-24,3.383673469387755
2014-07-25,3.373469387755102
2014-07-26,3.3632653061224493
2014-07-27,3.353061224489796
2014-07-28,3.3428571428571425
2014-07-29,3.3326530612244896
2014-07-30,3.312244897959183
2014-07-31,3.3122448979591836
2014-08-01,3.312244897959183
2014-08-02,3.312244897959183
2014-08-03,3.312244897959183
2014-08-04,3.312244897959183
2014-08-05,3.312244897959183
2014-08-06,3.322448979591837
2014-08-07,3.312244897959183
2014-08-08,3.309183673469388
2014-08-09,3.306122448979592
2014-08-10,3.303061224489796
2014-08-11,3.3000000000000003
2014-08-12,3.296938775510204
2014-08-13,3.293877551020408
2014-08-14,3.2806122448979593
2014-08-15,3.2673469387755105
2014-08-16,3.2540816326530617
2014-08-17,3.2408163265306125
2014-08-18,3.247959183673469
2014-08-19,3.2551020408163263
2014-08-20,3.2673469387755105
2014-08-21,3.2969387755102035
2014-08-22,3.326530612244898
2014-08-23,3.3418367346938775
2014-08-24,3.357142857142857
2014-08-25,3.331632653061224
2014-08-26,3.3061224489795924
2014-08-27,3.280612244897959
2014-08-28,3.243197278911565
2014-08-29,3.20578231292517
2014-08-30,3.168367346938776
2014-08-31,3.130952380952381
2014-09-01,3.1139455782312924
2014-09-02,3.0969387755102042
2014-09-03,3.1007653061224487
2014-09-04,3.104591836734694
2014-09-05,3.1084183673469385
2014-09-06,3.122448979591837
2014-09-07,3.1364795918367347
2014-09-08,3.150510204081633
2014-09-09,3.164540816326531
2014-09-10,3.1785714285714284
2014-09-11,3.183673469387755
2014-09-12,3.1887755102040813
2014-09-13,3.193877551020408
2014-09-14,3.1989795918367347
2014-09-15,3.2040816326530615
2014-09-16,3.2091836734693877
2014-09-17,3.205357142857143
2014-09-18,3.168417366946779
2014-09-19,3.1314775910364148
2014-09-20,3.0945378151260505
2014-09-21,3.0575980392156867
2014-09-22,3.000250100040016
2014-09-23,2.942902160864346
2014-09-24,2.9093637454981995
2014-09-25,2.8847539015606247
2014-09-26,2.860144057623049
2014-09-27,2.8117246898759505
2014-09-28,2.7633053221288515
2014-09-29,2.735294117647059
2014-09-30,2.7072829131652663
2014-10-01,2.679271708683473
2014-10-02,2.6512605042016806
2014-10-03,2.647058823529412
2014-10-04,2.642857142857143
2014-10-05,2.638655462184874
2014-10-06,2.634453781512605
2014-10-07,2.6302521008403366
2014-10-08,2.6200980392156863
2014-10-09,2.6099439775910365
2014-10-10,2.5997899159663866
2014-10-11,2.5896358543417364
2014-10-12,2.5973389355742293
2014-10-13,2.6050420168067228
2014-10-14,2.645483193277311
2014-10-15,2.685924369747899
2014-10-16,2.688100240096038
2014-10-17,2.6902761104441777
2014-10-18,2.692451980792317
2014-10-19,2.694627851140456
2014-10-20,2.678946578631453
2014-10-21,2.6632653061224487
2014-10-22,2.6351161154116816
2014-10-23,2.6273750879662208
2014-10-24,2.61963406052076
2014-10-25,2.6228820440643097
2014-10-26,2.6261300276078603
2014-10-27,2.62937801115141
2014-10-28,2.6326259946949597
2014-10-29,2.6550066312997345
2014-10-30,2.6977954311698156
2014-10-31,2.740584231039896
2014-11-01,2.783373030909977
2014-11-02,2.8261618307800576
2014-11-03,2.848542467384832
2014-11-04,2.8709231039896066
2014-11-05,2.893303740594381
2014-11-06,2.9101571663148014
2014-11-07,2.916021581046212
2014-11-08,2.9218859957776213
2014-11-09,2.9277504105090313
2014-11-10,2.974431151771053
2014-11-11,3.0211118930330754
2014-11-12,3.0201735866760493
2014-11-13,3.019235280319024
2014-11-14,3.0182969739619985
2014-11-15,3.0173586676049733
2014-11-16,3.0164203612479477
2014-11-17,2.9950738916256157
2014-11-18,2.997536945812808
2014-11-19,3.0
2014-11-20,2.979591836734694
2014-11-21,2.9591836734693877
2014-11-22,2.9277864992150704
2014-11-23,2.8963893249607535
2014-11-24,2.864992150706436
2014-11-25,2.824666405023548
2014-11-26,2.777537938252224
2014-11-27,2.7508176347462063
2014-11-28,2.7240973312401886
2014-11-29,2.697377027734171
2014-11-30,2.6706567242281527
2014-12-01,2.643936420722135
2014-12-02,2.617216117216117
2014-12-03,2.5994243851386707
2014-12-04,2.581632653061224
2014-12-05,2.5789115646258503
2014-12-06,2.576190476190476
2014-12-07,2.5734693877551016
2014-12-08,2.5707482993197277
2014-12-09,2.5680272108843534
2014-12-10,2.5653061224489795
2014-12-11,2.562585034013605
2014-12-12,2.5598639455782313
2014-12-13,2.557142857142857
2014-12-14,2.5544217687074826
2014-12-15,2.527891156462585
2014-12-16,2.501360544217687
2014-12-17,2.4857142857142853
2014-12-18,2.471768707482993
2014-12-19,2.4578231292517003
2014-12-20,2.4438775510204076
2014-12-21,2.4605442176870747
2014-12-22,2.4772108843537413
2014-12-23,2.493877551020408
2014-12-24,2.5105442176870745
2014-12-25,2.5272108843537415
2014-12-26,2.543877551020408
2014-12-27,2.5605442176870747
2014-12-28,2.577210884353742
2014-12-29,2.5938775510204084
2014-12-30,2.610544217687075
2014-12-31,2.627210884353741
2015-01-01,2.6438775510204082
2015-01-02,2.6843537414965986
2015-01-03,2.724829931972789
2015-01-04,2.7653061224489797
2015-01-05,2.80578231292517
2015-01-06,2.8462585034013608
2015-01-07,2.894671201814059
2015-01-08,2.9396825396825395
2015-01-09,2.998469387755102
2015-01-10,3.0572562358276647
2015-01-11,3.1296485260770974
2015-01-12,3.2020408163265306
2015-01-13,3.2744331065759638
2015-01-14,3.346825396825397
2015-01-15,3.378401360544218
2015-01-16,3.4306122448979592
2015-01-17,3.4578231292517003
2015-01-18,3.4646258503401364
2015-01-19,3.4714285714285715
2015-01-20,3.4782312925170067
2015-01-21,3.4445578231292515
2015-01-22,3.4312925170068027
2015-01-23,3.4180272108843535
2015-01-24,3.404761904761905
2015-01-25,3.37108843537415
2015-01-26,3.3374149659863943
2015-01-27,3.305442176870748
2015-01-28,3.273469387755102
2015-01-29,3.2666975881261595
2015-01-30,3.259925788497217
2015-01-31,3.2531539888682746
2015-02-01,3.2667903525046382
2015-02-02,3.2804267161410015
2015-02-03,3.31319573283859
2015-02-04,3.3459647495361784
2015-02-05,3.3787337662337658
2015-02-06,3.418645640074211
2015-02-07,3.4585575139146565
2015-02-08,3.5188775510204082
2015-02-09,3.5791975881261595
2015-02-10,3.639517625231911
2015-02-11,3.6909090909090914
2015-02-12,3.7218923933209647
2015-02-13,3.752875695732839
2015-02-14,3.7910018552875697
2015-02-15,3.808719851576995
2015-02-16,3.826437847866419
2015-02-17,3.844155844155844
2015-02-18,3.861873840445269
2015-02-19,3.879591836734694
2015-02-20,3.8908163265306124
2015-02-21,3.9020408163265303
2015-02-22,3.9132653061224487
2015-02-23,3.9244897959183676
2015-02-24,3.935714285714286
2015-02-25,3.9479591836734693
2015-02-26,3.9602040816326527
2015-02-27,3.9724489795918365
2015-02-28,3.9846938775510203
2015-03-01,3.9969387755102046
2015-03-02,4.009183673469388
2015-03-03,4.021428571428571
2015-03-04,4.033673469387755
2015-03-05,4.045918367346938
2015-03-06,4.051020408163265
2015-03-07,4.0561224489795915
2015-03-08,4.061224489795919
2015-03-09,4.066326530612245
2015-03-10,4.071428571428571
2015-03-11,4.076530612244897
2015-03-12,4.093537414965986
2015-03-13,4.110544217687075
2015-03-14,4.127551020408164
2015-03-15,4.144557823129253
2015-03-16,4.16156462585034
2015-03-17,4.178571428571429
2015-03-18,4.193877551020408
2015-03-19,4.209183673469388
2015-03-20,4.224489795918368
2015-03-21,4.239795918367347
2015-03-22,4.275510204081633
2015-03-23,4.311224489795919
2015-03-24,4.346938775510204
2015-03-25,4.346938775510204
2015-03-26,4.3231292517006805
2015-03-27,4.299319727891157
2015-03-28,4.275510204081633
2015-03-29,4.210884353741497
2015-03-30,4.146258503401361
2015-03-31,4.081632653061225
2015-04-01,4.061224489795919
2015-04-02,4.040816326530612
2015-04-03,4.020408163265306
2015-04-04,4.0
2015-04-05,4.0
2015-04-06,4.0
2015-04-07,4.0
2015-04-08,4.0
2015-04-09,4.020408163265306
2015-04-10,4.040816326530612
2015-04-11,4.061224489795919
2015-04-12,4.081632653061225
2015-04-13,4.1020408163265305
2015-04-14,4.122448979591836
2015-04-15,4.153061224489796
2015-04-16,4.142857142857143
2015-04-17,4.1277269528501055
2015-04-18,4.116678395496129
2015-04-19,4.1056298381421525
2015-04-20,4.094581280788177
2015-04-21,4.083532723434201
2015-04-22,4.05037532254281
2015-04-23,4.037626084916726
2015-04-24,4.02487684729064
2015-04-25,4.012127609664555
2015-04-26,3.981521229181328
2015-04-27,3.9509148486981
2015-04-28,3.9322132301196335
2015-04-29,3.913511611541168
2015-04-30,3.8948099929627022
2015-05-01,3.8761083743842364
2015-05-02,3.85740675580577
2015-05-03,3.8387051372273047
2015-05-04,3.837860661505982
2015-05-05,3.8370161857846585
2015-05-06,3.836171710063336
2015-05-07,3.8353272343420124
2015-05-08,3.8446868402533423
2015-05-09,3.854046446164673
2015-05-10,3.8838142153413093
2015-05-11,3.9135819845179447
2015-05-12,3.9433497536945814
2015-05-13,4.008831808585503
2015-05-14,4.110028149190711
2015-05-15,4.211224489795919
2015-05-16,4.320831259333001
2015-05-17,4.430438028870085
2015-05-18,4.540044798407168
2015-05-19,4.649651567944251
2015-05-20,4.732472623195619
2015-05-21,4.799987555998009
2015-05-22,4.868287418156756
2015-05-23,4.932505647662443
2015-05-24,4.996723877168128
2015-05-25,5.060942106673814
2015-05-26,5.1251603361794995
2015-05-27,5.189378565685186
2015-05-28,5.2004505366874705
2015-05-29,5.211522507689756
2015-05-30,5.22259447869204
2015-05-31,5.192850123163711
2015-06-01,5.163105767635384
2015-06-02,5.133361412107056
2015-06-03,5.127426580388254
2015-06-04,5.101574166251867
2015-06-05,5.07572175211548
2015-06-06,5.049869337979095
2015-06-07,5.0444250871080145
2015-06-08,5.0389808362369335
2015-06-09,5.033536585365853
2015-06-10,5.028092334494773
2015-06-11,4.987954206072673
2015-06-12,4.947816077650573
2015-06-13,4.9076779492284714
2015-06-14,4.867539820806371
2015-06-15,4.827401692384271
2015-06-16,4.792620706819313
2015-06-17,4.7578397212543555
2015-06-18,4.743466898954703
2015-06-19,4.731645097063216
2015-06-20,4.728751866600299
2015-06-21,4.705450472872075
2015-06-22,4.682149079143853
2015-06-23,4.65884768541563
2015-06-24,4.664883026381284
2015-06-25,4.670918367346938
2015-06-26,4.673469387755103
2015-06-27,4.676020408163266
2015-06-28,4.698979591836734
2015-06-29,4.721938775510204
2015-06-30,4.744897959183674
2015-07-01,4.7270408163265305
2015-07-02,4.709183673469388
2015-07-03,4.700850340136055
2015-07-04,4.6925170068027215
2015-07-05,4.684183673469387
2015-07-06,4.675850340136054
2015-07-07,4.667517006802721
2015-07-08,4.679591836734694
2015-07-09,4.667857142857143
2015-07-10,4.656122448979592
2015-07-11,4.6443877551020405
2015-07-12,4.63265306122449
2015-07-13,4.620918367346939
2015-07-14,4.6091836734693885
2015-07-15,4.639115646258503
2015-07-16,4.669047619047619
2015-07-17,4.696428571428571
2015-07-18,4.703296703296703
2015-07-19,4.710164835164835
2015-07-20,4.717032967032968
2015-07-21,4.723901098901099
2015-07-22,4.730769230769231
2015-07-23,4.699372056514913
2015-07-24,4.667974882260596
2015-07-25,4.636577708006279
2015-07-26,4.6051805337519625
2015-07-27,4.573783359497646
2015-07-28,4.542386185243328
2015-07-29,4.510989010989011
2015-07-30,4.520408163265306
2015-07-31,4.531292517006802
2015-08-01,4.5421768707483
2015-08-02,4.553061224489796
2015-08-03,4.5639455782312925
2015-08-04,4.583758503401361
2015-08-05,4.603571428571429
2015-08-06,4.60297619047619
2015-08-07,4.602380952380953
2015-08-08,4.601785714285714
2015-08-09,4.601190476190475
2015-08-10,4.600595238095238
2015-08-11,4.6000000000000005
2015-08-12,4.59047619047619
2015-08-13,4.560544217687075
2015-08-14,4.530612244897959
2015-08-15,4.5102040816326525
2015-08-16,4.4897959183673475
2015-08-17,4.469387755102041
2015-08-18,4.441043083900227
2015-08-19,4.412698412698413
2015-08-20,4.407312925170068
2015-08-21,4.4019274376417235
2015-08-22,4.396541950113379
2015-08-23,4.391156462585034
2015-08-24,4.38577097505669
2015-08-25,4.380385487528344
2015-08-26,4.375
2015-08-27,4.3979591836734695
2015-08-28,4.414115646258503
2015-08-29,4.430272108843537
2015-08-30,4.446428571428571
2015-08-31,4.462585034013606
2015-09-01,4.47874149659864
2015-09-02,4.494897959183674
2015-09-03,4.470238095238096
2015-09-04,4.445578231292517
2015-09-05,4.420918367346938
2015-09-06,4.396258503401361
2015-09-07,4.371598639455782
2015-09-08,4.346938775510204
2015-09-09,4.322278911564625
2015-09-10,4.318027210884353
2015-09-11,4.313775510204081
2015-09-12,4.316666666666667
2015-09-13,4.339965986394558
2015-09-14,4.363265306122449
2015-09-15,4.3865646258503395
2015-09-16,4.409863945578231
2015-09-17,4.448919567827131
2015-09-18,4.501580632252901
2015-09-19,4.554241696678671
2015-09-20,4.566086434573829
2015-09-21,4.577931172468987
2015-09-22,4.589775910364145
2015-09-23,4.6016206482593045
2015-09-24,4.593057222889156
2015-09-25,4.584493797519008
2015-09-26,4.57593037214886
2015-09-27,4.587775110044016
2015-09-28,4.599619847939175
2015-09-29,4.629321728691477
2015-09-30,4.659023609443777
2015-10-01,4.688725490196079
2015-10-02,4.711284513805523
2015-10-03,4.733843537414965
2015-10-04,4.7768107242897155
2015-10-05,4.819777911164466
2015-10-06,4.862745098039215
2015-10-07,4.887855142056823
2015-10-08,4.91296518607443
2015-10-09,4.927871148459383
2015-10-10,4.952981192476991
2015-10-11,4.957683073229292
2015-10-12,4.9623849539815925
2015-10-13,4.967086834733893
2015-10-14,4.971788715486194
2015-10-15,4.956082432973189
2015-10-16,4.9403761504601835
2015-10-17,4.924669867947179
2015-10-18,4.908963585434173
2015-10-19,4.893257302921168
2015-10-20,4.868622448979592
2015-10-21,4.846088435374149
2015-10-22,4.884778911564625
2015-10-23,4.923469387755101
2015-10-24,4.94515306122449
2015-10-25,4.966836734693877
2015-10-26,4.988520408163265
2015-10-27,5.0102040816326525
2015-10-28,5.064625850340136
2015-10-29,5.057823129251701
2015-10-30,5.051020408163265
2015-10-31,5.04421768707483
2015-11-01,5.017006802721087
2015-11-02,4.9897959183673475
2015-11-03,4.948979591836734
2015-11-04,4.908163265306122
2015-11-05,4.887755102040816
2015-11-06,4.86734693877551
2015-11-07,4.846938775510204
2015-11-08,4.867346938775511
2015-11-09,4.887755102040816
2015-11-10,4.877551020408164
2015-11-11,4.86734693877551
2015-11-12,4.857142857142857
2015-11-13,4.846938775510204
2015-11-14,4.843537414965986
2015-11-15,4.819727891156463
2015-11-16,4.795918367346938
2015-11-17,4.812925170068027
2015-11-18,4.829931972789116
2015-11-19,4.846938775510204
2015-11-20,4.867807026192119
2015-11-21,4.877686265885024
2015-11-22,4.8671573423126215
2015-11-23,4.856628418740221
2015-11-24,4.815487250269859
2015-11-25,4.774346081799498
2015-11-26,4.733204913329137
2015-11-27,4.6920637448587765
2015-11-28,4.650922576388415
2015-11-29,4.63018957118336
2015-11-30,4.609456565978306
2015-12-01,4.6078562138344745
2015-12-02,4.606255861690643
2015-12-03,4.584247346281508
2015-12-04,4.573227841861382
2015-12-05,4.562208337441256
2015-12-06,4.551188833021131
2015-12-07,4.540169328601006
2015-12-08,4.529149824180879
2015-12-09,4.497296986427421
2015-12-10,4.485852311939268
2015-12-11,4.474407637451116
2015-12-12,4.4670445956160245
2015-12-13,4.480089717046239
2015-12-14,4.493134838476453
2015-12-15,4.528288803444083
2015-12-16,4.563442768411713
2015-12-17,4.606468716861082
2015-12-18,4.649494665310451
2015-12-19,4.69252061375982
2015-12-20,4.694730235678577
2015-12-21,4.696939857597334
2015-12-22,4.678741316250785
2015-12-23,4.68095093816954
2015-12-24,4.6831605600882975
2015-12-25,4.6853701820070555
2015-12-26,4.6875798039258125
2015-12-27,4.710197589109875
2015-12-28,4.732815374293938
2015-12-29,4.7554331594780015
2015-12-30,4.757642781396759
2015-12-31,4.759852403315515
2016-01-01,4.762062025234272
2016-01-02,4.764271647153029
2016-01-03,4.766481269071785
2016-01-04,4.768690890990542
2016-01-05,4.798407167745147
2016-01-06,4.828123444499751
2016-01-07,4.857839721254356
2016-01-08,4.887555998008959
2016-01-09,4.9172722747635635
2016-01-10,4.967396714783474
2016-01-11,5.017521154803385
2016-01-12,5.057441513190644
2016-01-13,5.0973618715779
2016-01-14,5.137282229965157
2016-01-15,5.177202588352414
2016-01-16,5.220560111079091
2016-01-17,5.243509470540462
2016-01-18,5.266458830001834
2016-01-19,5.269000026197899
2016-01-20,5.271541222393964
2016-01-21,5.274082418590028
2016-01-22,5.276623614786094
2016-01-23,5.279164810982159
2016-01-24,5.281706007178224
2016-01-25,5.2842472033742895
2016-01-26,5.296992481203008
2016-01-27,5.3077580314422415
2016-01-28,5.318523581681476
2016-01-29,5.329289131920711
2016-01-30,5.340054682159945
2016-01-31,5.330412069133874
2016-02-01,5.3207694561078025
2016-02-02,5.31112684308173
2016-02-03,5.301484230055658
2016-02-04,5.290534000161329
2016-02-05,5.279583770267
2016-02-06,5.2686335403726705
2016-02-07,5.298499637008954
2016-02-08,5.328365733645237
2016-02-09,5.35823183028152
2016-02-10,5.411907450727327
2016-02-11,5.485991234438439
2016-02-12,5.560075018149552
2016-02-13,5.634158801860665
2016-02-14,5.667426259041165
2016-02-15,5.700693716221666
2016-02-16,5.699947567959991
2016-02-17,5.699201419698314
2016-02-18,5.674800354924578
2016-02-19,5.6606033717834965
2016-02-20,5.651508429458739
2016-02-21,5.683229813664596
2016-02-22,5.714951197870453
2016-02-23,5.756876663708963
2016-02-24,5.798802129547471
2016-02-25,5.840727595385981
2016-02-26,5.88265306122449
2016-02-27,5.9183673469387745
2016-02-28,5.933673469387755
2016-02-29,5.948979591836734
2016-03-01,5.970238095238096
2016-03-02,5.991496598639457
2016-03-03,6.012755102040816
2016-03-04,6.034013605442176
2016-03-05,6.055272108843537
2016-03-06,6.076530612244897
2016-03-07,6.097789115646258
2016-03-08,6.119047619047619
2016-03-09,6.1403061224489806
2016-03-10,6.181972789115647
2016-03-11,6.223639455782313
2016-03-12,6.265306122448979
2016-03-13,6.327380952380952
2016-03-14,6.3894557823129245
2016-03-15,6.46173469387755
2016-03-16,6.534013605442177
2016-03-17,6.562074829931973
2016-03-18,6.579931972789116
2016-03-19,6.603818800247372
2016-03-20,6.607297464440322
2016-03-21,6.610776128633272
2016-03-22,6.586193568336426
2016-03-23,6.603277674706248
2016-03-24,6.620361781076066
2016-03-25,6.6314935064935066
2016-03-26,6.642625231910946
2016-03-27,6.653756957328386
2016-03-28,6.664888682745826
2016-03-29,6.676020408163265
2016-03-30,6.740723562152133
2016-03-31,6.787569573283859
2016-04-01,6.834415584415583
2016-04-02,6.8812615955473095
2016-04-03,6.948515769944341
2016-04-04,7.015769944341373
2016-04-05,7.047309833024118
2016-04-06,7.078849721706865
2016-04-07,7.11038961038961
2016-04-08,7.141929499072356
2016-04-09,7.166666666666667
2016-04-10,7.170995670995671
2016-04-11,7.175324675324675
2016-04-12,7.169449598021027
2016-04-13,7.163574520717377
2016-04-14,7.157699443413729
2016-04-15,7.151824366110081
2016-04-16,7.145949288806432
2016-04-17,7.119666048237477
2016-04-18,7.0933828076685215
2016-04-19,7.097711811997526
2016-04-20,7.1020408163265305
2016-04-21,7.122448979591837
2016-04-22,7.142857142857143
2016-04-23,7.151360544217687
2016-04-24,7.180272108843538
2016-04-25,7.209183673469388
2016-04-26,7.217687074829932
2016-04-27,7.226190476190476
2016-04-28,7.214285714285714
2016-04-29,7.202380952380952
2016-04-30,7.190476190476191
2016-05-01,7.178571428571429
2016-05-02,7.166666666666666
2016-05-03,7.154761904761905
2016-05-04,7.142857142857143
2016-05-05,7.151785714285714
2016-05-06,7.160714285714286
2016-05-07,7.169642857142857
2016-05-08,7.158163265306123
2016-05-09,7.146683673469388
2016-05-10,7.126275510204081
2016-05-11,7.105867346938775
2016-05-12,7.061649659863946
2016-05-13,7.017431972789116
2016-05-14,6.96641156462585
2016-05-15,6.9562074829931975
2016-05-16,6.946003401360543
2016-05-17,6.9357993197278915
2016-05-18,6.926020408163265
2016-05-19,6.916241496598639
2016-05-20,6.906462585034014
2016-05-21,6.876766091051806
2016-05-22,6.826661433804291
2016-05-23,6.776556776556776
2016-05-24,6.756214024071167
2016-05-25,6.756279434850863
2016-05-26,6.75634484563056
2016-05-27,6.756410256410256
2016-05-28,6.756475667189953
2016-05-29,6.75654107796965
2016-05-30,6.756606488749346
2016-05-31,6.756671899529043
2016-06-01,6.738880167451597
2016-06-02,6.741496598639456
2016-06-03,6.764625850340137
2016-06-04,6.794557823129252
2016-06-05,6.8244897959183675
2016-06-06,6.854421768707483
2016-06-07,6.884353741496599
2016-06-08,6.914285714285714
2016-06-09,6.903401360544218
2016-06-10,6.892517006802721
2016-06-11,6.881632653061224
2016-06-12,6.870748299319728
2016-06-13,6.8598639455782315
2016-06-14,6.828571428571428
2016-06-15,6.797278911564626
2016-06-16,6.782426303854876
2016-06-17,6.767573696145125
2016-06-18,6.736054421768707
2016-06-19,6.70453514739229
2016-06-20,6.673015873015873
2016-06-21,6.682312925170067
2016-06-22,6.691609977324263
2016-06-23,6.700907029478458
2016-06-24,6.710204081632653
2016-06-25,6.719501133786848
2016-06-26,6.728798185941043
2016-06-27,6.738095238095239
2016-06-28,6.726984126984127
2016-06-29,6.715873015873016
2016-06-30,6.704761904761904
2016-07-01,6.693650793650794
2016-07-02,6.682539682539683
2016-07-03,6.651020408163267
2016-07-04,6.619501133786848
2016-07-05,6.5777777777777775
2016-07-06,6.536054421768708
2016-07-07,6.494331065759637
2016-07-08,6.459750566893424
2016-07-09,6.414965986394558
2016-07-10,6.390589569160997
2016-07-11,6.366213151927438
2016-07-12,6.343112244897959
2016-07-13,6.320011337868481
2016-07-14,6.317318594104308
2016-07-15,6.314625850340136
2016-07-16,6.304790249433107
2016-07-17,6.294954648526077
2016-07-18,6.285119047619048
2016-07-19,6.2752834467120175
2016-07-20,6.2641723356009065
2016-07-21,6.208843537414966
2016-07-22,6.1595838335334125
2016-07-23,6.127330932372948
2016-07-24,6.095078031212485
2016-07-25,6.062825130052021
2016-07-26,6.030572228891557
2016-07-27,6.03233293317327
2016-07-28,6.034093637454982
2016-07-29,6.0358543417366946
2016-07-30,6.0376150460184075
2016-07-31,6.059783913565426
2016-08-01,6.081952781112444
2016-08-02,6.104121648659464
2016-08-03,6.126290516206482
2016-08-04,6.128051220488196
2016-08-05,6.136954781912764
2016-08-06,6.145858343337335
2016-08-07,6.134353741496598
2016-08-08,6.122849139655862
2016-08-09,6.111344537815126
2016-08-10,6.110044017607043
2016-08-11,6.149559823929571
2016-08-12,6.189075630252101
2016-08-13,6.218387354941976
2016-08-14,6.227290916366546
2016-08-15,6.236194477791116
2016-08-16,6.245098039215686
2016-08-17,6.2335934373749495
2016-08-18,6.201680672268907
2016-08-19,6.169767907162865
2016-08-20,6.137855142056823
2016-08-21,6.1263505402160865
2016-08-22,6.114845938375349
2016-08-23,6.103341336534614
2016-08-24,6.112244897959184
2016-08-25,6.1165845648604265
2016-08-26,6.12092423176167
2016-08-27,6.125263898662914
2016-08-28,6.150011728829463
2016-08-29,6.174759558996013
2016-08-30,6.199507389162561
2016-08-31,6.202146375791695
2016-09-01,6.225193525686136
2016-09-02,6.254734182074084
2016-09-03,6.284274838462031
2016-09-04,6.29340733158467
2016-09-05,6.3025398247073126
2016-09-06,6.332505651163286
2016-09-07,6.362471477619261
2016-09-08,6.351620977544623
2016-09-09,6.340770477469985
2016-09-10,6.329919977395347
2016-09-11,6.298661314055403
2016-09-12,6.267402650715458
2016-09-13,6.236143987375515
2016-09-14,6.195956752606999
2016-09-15,6.1761776811037885
2016-09-16,6.15639860960058
2016-09-17,6.136619538097371
2016-09-18,6.157656793124773
2016-09-19,6.178694048152177
2016-09-20,6.19973130317958
2016-09-21,6.2207685582069825
2016-09-22,6.241805813234385
2016-09-23,6.267857142857143
2016-09-24,6.290816326530612
2016-09-25,6.313775510204081
2016-09-26,6.336734693877551
2016-09-27,6.359693877551021
2016-09-28,6.38265306122449
2016-09-29,6.405612244897959
2016-09-30,6.428571428571429
2016-10-01,6.451530612244897
2016-10-02,6.433673469387756
2016-10-03,6.415816326530612
2016-10-04,6.3979591836734695
2016-10-05,6.380102040816326
2016-10-06,6.347959183673469
2016-10-07,6.30561224489796
2016-10-08,6.263265306122449
2016-10-09,6.241326530612244
2016-10-10,6.219387755102041
2016-10-11,6.211734693877552
2016-10-12,6.204081632653062
2016-10-13,6.196428571428571
2016-10-14,6.188775510204081
2016-10-15,6.1811224489795915
2016-10-16,6.153061224489797
2016-10-17,6.125
2016-10-18,6.096938775510204
2016-10-19,6.058673469387755
2016-10-20,6.020408163265306
2016-10-21,6.0
2016-10-22,5.979591836734694
2016-10-23,5.979591836734693
2016-10-24,5.979591836734693
2016-10-25,5.979591836734693
2016-10-26,5.998724489795919
2016-10-27,6.038265306122448
2016-10-28,6.077806122448979
2016-10-29,6.11734693877551
2016-10-30,6.156887755102041
2016-10-31,6.196428571428571
2016-11-01,6.235969387755103
2016-11-02,6.275510204081633
2016-11-03,6.2772108843537415
2016-11-04,6.2687074829931975
2016-11-05,6.2602040816326525
2016-11-06,6.2517006802721085
2016-11-07,6.243197278911564
2016-11-08,6.2346938775510194
2016-11-09,6.202380952380953
2016-11-10,6.19047619047619
2016-11-11,6.178571428571429
2016-11-12,6.166666666666667
2016-11-13,6.154761904761904
2016-11-14,6.142857142857143
2016-11-15,6.125
2016-11-16,6.107142857142857
2016-11-17,6.0688775510204085
2016-11-18,6.030612244897959
2016-11-19,5.985204081632653
2016-11-20,5.939795918367347
2016-11-21,5.8943877551020405
2016-11-22,5.848979591836735
2016-11-23,5.821428571428571
2016-11-24,5.814285714285715
2016-11-25,5.807142857142857
2016-11-26,5.8
2016-11-27,5.792857142857143
2016-11-28,5.785714285714286
2016-11-29,5.769642857142857
2016-11-30,5.753571428571428
2016-12-01,5.757908163265306
2016-12-02,5.762244897959183
2016-12-03,5.766581632653062
2016-12-04,5.770918367346939
2016-12-05,5.775255102040816
2016-12-06,5.779591836734694
2016-12-07,5.803061224489795
2016-12-08,5.8061224489795915
2016-12-09,5.834183673469388
2016-12-10,5.866326530612246
2016-12-11,5.898469387755102
2016-12-12,5.93061224489796
2016-12-13,5.962755102040816
2016-12-14,6.005102040816326
2016-12-15,6.047448979591836
2016-12-16,6.089795918367348
2016-12-17,6.107142857142857
2016-12-18,6.144897959183674
2016-12-19,6.18265306122449
2016-12-20,6.220408163265306
2016-12-21,6.19608843537415
2016-12-22,6.171768707482994
2016-12-23,6.145408163265307
2016-12-24,6.142857142857143
2016-12-25,6.1096938775510194
2016-12-26,6.076530612244897
2016-12-27,6.043367346938775
2016-12-28,6.010204081632653
2016-12-29,6.015306122448979
2016-12-30,6.020408163265306
2016-12-31,6.025510204081632
2017-01-01,6.03061224489796
2017-01-02,6.035714285714286
2017-01-03,6.040816326530612
2017-01-04,6.069727891156462
2017-01-05,6.078231292517008
2017-01-06,6.096289424860852
2017-01-07,6.114347557204701
2017-01-08,6.163017934446506
2017-01-09,6.211688311688311
2017-01-10,6.245477736549164
2017-01-11,6.279267161410019
2017-01-12,6.313056586270873
2017-01-13,6.346846011131725
2017-01-14,6.376553803339517
2017-01-15,6.385853432282004
2017-01-16,6.39515306122449
2017-01-17,6.404452690166976
2017-01-18,6.404823747680891
2017-01-19,6.405194805194806
2017-01-20,6.40556586270872
2017-01-21,6.405936920222635
2017-01-22,6.406307977736549
2017-01-23,6.406679035250464
2017-01-24,6.3866419294990715
2017-01-25,6.36660482374768
2017-01-26,6.3465677179962885
2017-01-27,6.328571428571429
2017-01-28,6.304081632653061
2017-01-29,6.279591836734694
2017-01-30,6.255102040816326
2017-01-31,6.227210884353741
2017-02-01,6.199319727891157
2017-02-02,6.151020408163265
2017-02-03,6.126530612244898
2017-02-04,6.10204081632653
2017-02-05,6.077551020408164
2017-02-06,6.053061224489795
2017-02-07,6.0081632653061225
2017-02-08,5.96326530612245
2017-02-09,5.938775510204081
2017-02-10,5.918367346938775
2017-02-11,5.8979591836734695
2017-02-12,5.877551020408163
2017-02-13,5.857142857142857
2017-02-14,5.866071428571429
2017-02-15,5.875
2017-02-16,5.904336734693877
2017-02-17,5.933673469387755
2017-02-18,5.9562074829931975
2017-02-19,5.999149659863945
2017-02-20,6.042091836734693
2017-02-21,6.085034013605442
2017-02-22,6.149659863945578
2017-02-23,6.212184873949581
2017-02-24,6.274709883953582
2017-02-25,6.337234893957584
2017-02-26,6.3589435774309715
2017-02-27,6.3806522609043625
2017-02-28,6.40236094437775
2017-03-01,6.403661464585835
2017-03-02,6.364145658263305
2017-03-03,6.324629851940777
2017-03-04,6.285114045618246
2017-03-05,6.2660064025610245
2017-03-06,6.246898759503801
2017-03-07,6.227791116446579
2017-03-08,6.186574629851941
2017-03-09,6.165766306522609
2017-03-10,6.144957983193278
2017-03-11,6.130952380952381
2017-03-12,6.096538615446178
2017-03-13,6.062124849939976
2017-03-14,6.029411764705882
2017-03-15,5.996698679471789
2017-03-16,5.963985594237696
2017-03-17,5.931272509003601
2017-03-18,5.898559423769508
2017-03-19,5.88625450180072
2017-03-20,5.873949579831932
2017-03-21,5.861644657863145
2017-03-22,5.849339735894357
2017-03-23,5.83703481392557
2017-03-24,5.8281312525010005
2017-03-25,5.8192276910764305
2017-03-26,5.830732292917167
2017-03-27,5.842236894757903
2017-03-28,5.874149659863946
2017-03-29,5.905612244897958
2017-03-30,5.913265306122449
2017-03-31,5.920918367346938
2017-04-01,5.928571428571429
2017-04-02,5.895408163265306
2017-04-03,5.862244897959185
2017-04-04,5.818877551020408
2017-04-05,5.819727891156463
2017-04-06,5.820578231292517
2017-04-07,5.821428571428571
2017-04-08,5.829081632653062
2017-04-09,5.877551020408164
2017-04-10,5.926020408163266
2017-04-11,5.974489795918367
2017-04-12,6.002551020408164
2017-04-13,6.030612244897959
2017-04-14,6.058673469387755
2017-04-15,6.086734693877552
2017-04-16,6.073979591836735
2017-04-17,6.061224489795918
2017-04-18,6.048469387755103
2017-04-19,6.035714285714286
2017-04-20,6.02295918367347
2017-04-21,6.023809523809524
2017-04-22,6.024659863945579
2017-04-23,6.066326530612244
2017-04-24,6.107993197278911
2017-04-25,6.149659863945578
2017-04-26,6.217906517445688
2017-04-27,6.306561334211104
2017-04-28,6.395216150976519
2017-04-29,6.49067368883037
2017-04-30,6.5657230634189165
2017-05-01,6.640772438007461
2017-05-02,6.715821812596005
2017-05-03,6.780667105551898
2017-05-04,6.825104235242485
2017-05-05,6.881446126837831
2017-05-06,6.93778801843318
2017-05-07,6.994129910028527
2017-05-08,7.050471801623876
2017-05-09,7.106813693219223
2017-05-10,7.183563748079877
2017-05-11,7.280721966205838
2017-05-12,7.384682905420234
2017-05-13,7.488643844634629
2017-05-14,7.6130129471143295
2017-05-15,7.737382049594031
2017-05-16,7.861751152073732
2017-05-17,8.001426377002415
2017-05-18,8.144502962475313
2017-05-19,8.273974105771341
2017-05-20,8.389839806890498
2017-05-21,8.505705508009655
2017-05-22,8.621571209128813
2017-05-23,8.711926706166338
2017-05-24,8.778472679394337
2017-05-25,8.84501865262234
2017-05-26,8.91156462585034
2017-05-27,8.972857142857142
2017-05-28,8.993333333333332
2017-05-29,9.013809523809524
2017-05-30,9.006224489795917
2017-05-31,8.998639455782312
2017-06-01,8.970646258503402
2017-06-02,8.92326530612245
2017-06-03,8.875884353741498
2017-06-04,8.848911564625851
2017-06-05,8.821938775510205
2017-06-06,8.794965986394557
2017-06-07,8.785850340136054
2017-06-08,8.82095238095238
2017-06-09,8.828843537414967
2017-06-10,8.83673469387755
2017-06-11,8.844625850340135
2017-06-12,8.85251700680272
2017-06-13,8.860408163265307
2017-06-14,8.826632653061225
2017-06-15,8.792857142857143
2017-06-16,8.779489795918368
2017-06-17,8.766122448979592
2017-06-18,8.752755102040815
2017-06-19,8.73938775510204
2017-06-20,8.726020408163265
2017-06-21,8.696428571428571
2017-06-22,8.664285714285715
2017-06-23,8.632142857142858
2017-06-24,8.6
2017-06-25,8.58826530612245
2017-06-26,8.576530612244898
2017-06-27,8.564795918367347
2017-06-28,8.553061224489795
2017-06-29,8.704591836734693
2017-06-30,8.713265306122448
2017-07-01,8.721938775510205
2017-07-02,8.710204081632654
2017-07-03,8.698469387755102
2017-07-04,8.68673469387755
2017-07-05,8.674999999999999
2017-07-06,8.66326530612245
2017-07-07,8.648809523809524
2017-07-08,8.634353741496598
2017-07-09,8.599489795918368
2017-07-10,8.564625850340137
2017-07-11,8.520833333333332
2017-07-12,8.47704081632653
2017-07-13,8.433248299319727
2017-07-14,8.389455782312925
2017-07-15,8.345663265306122
2017-07-16,8.342687074829932
2017-07-17,8.33971088435374
2017-07-18,8.33673469387755
2017-07-19,8.354421768707484
2017-07-20,8.372108843537415
2017-07-21,8.389795918367346
2017-07-22,8.407482993197279
2017-07-23,8.404761904761903
2017-07-24,8.402040816326531
2017-07-25,8.399319727891157
2017-07-26,8.406802721088436
2017-07-27,8.414285714285715
2017-07-28,8.428571428571429
2017-07-29,8.442857142857143
2017-07-30,8.457142857142857
2017-07-31,8.471428571428572
2017-08-01,8.485714285714286
2017-08-02,8.489795918367347
2017-08-03,8.473469387755102
2017-08-04,8.457142857142857
2017-08-05,8.440816326530612
2017-08-06,8.424489795918367
2017-08-07,8.408163265306122
2017-08-08,8.391836734693879
2017-08-09,8.375510204081632
2017-08-10,8.409523809523808
2017-08-11,8.443537414965986
2017-08-12,8.487755102040817
2017-08-13,8.531972789115645
2017-08-14,8.576190476190478
2017-08-15,8.620408163265306
2017-08-16,8.664625850340135
2017-08-17,8.694928880643166
2017-08-18,8.725231910946198
2017-08-19,8.755534941249227
2017-08-20,8.806246134817565
2017-08-21,8.8569573283859
2017-08-22,8.907668521954237
2017-08-23,8.933889919604207
2017-08-24,8.960111317254174
2017-08-25,8.956400742115028
2017-08-26,8.962894248608535
2017-08-27,8.928571428571427
2017-08-28,8.894248608534323
2017-08-29,8.859925788497216
2017-08-30,8.85791589363018
2017-08-31,8.85590599876314
2017-09-01,8.894712430426717
2017-09-02,8.892702535559678
2017-09-03,8.911100803957947
2017-09-04,8.929499072356213
2017-09-05,8.946196660482375
2017-09-06,8.962894248608533
2017-09-07,9.062009419152275
2017-09-08,9.134222919937205
2017-09-09,9.147252747252747
2017-09-10,9.180690737833597
2017-09-11,9.214128728414442
2017-09-12,9.237362637362637
2017-09-13,9.260596546310833
2017-09-14,9.33621140763998
2017-09-15,9.401622187336473
2017-09-16,9.446624803767662
2017-09-17,9.471219256933542
2017-09-18,9.495813710099425
2017-09-19,9.520408163265305
2017-09-20,9.510204081632653
2017-09-21,9.5
